Pressure (bar),Density (mol/m3),,,,,,,,
0,0,,,,,,,,
0.5,20.233,,,,,,,,
1,40.572,,,,,,,,
1.5,61.019,,,,,,,,
2,81.576,,,,,,,,
2.5,102.24,,,,,,,,
3,123.02,,,,,,,,
3.5,143.92,,,,,,,,
4,164.93,,,,,,,,
4.5,186.06,,,,,,,,
5,207.3,,,,,,,,
5.5,228.67,,,,,,,,
6,250.16,,,,,,,,
6.5,271.77,,,,,,,,
7,293.52,,,,,,,,
7.5,315.38,,,,,,,,
8,337.38,,,,,,,,
8.5,359.52,,,,,,,,
9,381.78,,,,,,,,
9.5,404.19,,,,,,,,
10,426.73,,,,,,,,
10.5,449.41,,,,,,,,
11,472.23,,,,,,,,
11.5,495.2,,,,,,,,
12,518.32,,,,,,,,
12.5,541.59,,,,,,,,
13,565.01,,,,,,,,
13.5,588.59,,,,,,,,
14,612.32,,,,,,,,
14.5,636.22,,,,,,,,
15,660.28,,,,,,,,
15.5,684.5,,,,,,,,
16,708.89,,,,,,,,
16.5,733.46,,,,,,,,
17,758.2,,,,,,,,
17.5,783.12,,,,,,,,
18,808.22,,,,,,,,
18.5,833.51,,,,,,,,
19,858.99,,,,,,,,
19.5,884.66,,,,,,,,
20,910.52,,,,,,,,
20.5,936.58,,,,,,,,
21,962.85,,,,,,,,
21.5,989.33,,,,,,,,
22,1016,,,,,,,,
22.5,1042.9,,,,,,,,
23,1070,,,,,,,,
23.5,1097.4,,,,,,,,
24,1125,,,,,,,,
24.5,1152.8,,,,,,,,
25,1180.8,,,,,,,,
25.5,1209.1,,,,,,,,
26,1237.7,,,,,,,,
26.5,1266.5,,,,,,,,
27,1295.6,,,,,,,,
27.5,1324.9,,,,,,,,
28,1354.5,,,,,,,,
28.5,1384.4,,,,,,,,
29,1414.6,,,,,,,,
29.5,1445,,,,,,,,
30,1475.8,,,,,,,,
30.5,1506.9,,,,,,,,
31,1538.3,,,,,,,,
31.5,1570,,,,,,,,
32,1602,,,,,,,,
32.5,1634.4,,,,,,,,
33,1667.2,,,,,,,,
33.5,1700.3,,,,,,,,
34,1733.7,,,,,,,,
34.5,1767.6,,,,,,,,
35,1801.8,,,,,,,,
35.5,1836.4,,,,,,,,
36,1871.5,,,,,,,,
36.5,1907,,,,,,,,
37,1942.9,,,,,,,,
37.5,1979.2,,,,,,,,
38,2016.1,,,,,,,,
38.5,2053.4,,,,,,,,
39,2091.2,,,,,,,,
39.5,2129.5,,,,,,,,
40,2168.3,,,,,,,,
40.5,2207.7,,,,,,,,
41,2247.6,,,,,,,,
41.5,2288.2,,,,,,,,
42,2329.3,,,,,,,,
42.5,2371.1,,,,,,,,
43,2413.5,,,,,,,,
43.5,2456.5,,,,,,,,
44,2500.3,,,,,,,,
44.5,2544.8,,,,,,,,
45,2590.1,,,,,,,,
45.5,2636.2,,,,,,,,
46,2683,,,,,,,,
46.5,2730.8,,,,,,,,
47,2779.4,,,,,,,,
47.5,2828.9,,,,,,,,
48,2879.5,,,,,,,,
48.5,2931,,,,,,,,
49,2983.7,,,,,,,,
49.5,3037.5,,,,,,,,
50,3092.4,,,,,,,,
50.5,3148.6,,,,,,,,
51,3206.2,,,,,,,,
51.5,3265.1,,,,,,,,
52,3325.5,,,,,,,,
52.5,3387.4,,,,,,,,
53,3451.1,,,,,,,,
53.5,3516.5,,,,,,,,
54,3583.7,,,,,,,,
54.5,3653,,,,,,,,
55,3724.5,,,,,,,,
55.5,3798.3,,,,,,,,
56,3874.6,,,,,,,,
56.5,3953.6,,,,,,,,
57,4035.5,,,,,,,,
57.5,4120.6,,,,,,,,
58,4209.2,,,,,,,,
58.5,4301.6,,,,,,,,
58.5,4301.6,,,,,,,,
58.5,4301.6,,,,,,,,
59,4398.2,,,,,,,,
59.5,4499.4,,,,,,,,
60,4605.9,,,,,,,,
60.5,4718.1,,,,,,,,
61,4836.9,,,,,,,,
61.5,4963,,,,,,,,
62,5097.7,,,,,,,,
62.5,5242,,,,,,,,
63,5397.6,,,,,,,,
63.5,5566.4,,,,,,,,
64,5750.8,,,,,,,,
64.5,5953.6,,,,,,,,
65,6178.3,,,,,,,,
65.5,6428.8,,,,,,,,
66,6709.3,,,,,,,,
66.5,7022.9,,,,,,,,
67,7369.6,,,,,,,,
67.5,7744.1,,,,,,,,
68,8133.9,,,,,,,,
68.5,8522.3,,,,,,,,
69,8893.2,,,,,,,,
69.5,9235.3,,,,,,,,
70,9543.3,,,,,,,,
70.5,9817.1,,,,,,,,
71,10059,,,,,,,,
71.5,10274,,,,,,,,
72,10465,,,,,,,,
72.5,10636,,,,,,,,
73,10791,,,,,,,,
73.5,10931,,,,,,,,
74,11060,,,,,,,,
74.5,11178,,,,,,,,
75,11288,,,,,,,,
75.5,11390,,,,,,,,
76,11485,,,,,,,,
76.5,11575,,,,,,,,
77,11660,,,,,,,,
77.5,11740,,,,,,,,
78,11815,,,,,,,,
78.5,11888,,,,,,,,
79,11956,,,,,,,,
79.5,12022,,,,,,,,
80,12085,,,,,,,,
80.5,12146,,,,,,,,
81,12204,,,,,,,,
81.5,12260,,,,,,,,
82,12314,,,,,,,,
82.5,12366,,,,,,,,
83,12417,,,,,,,,
83.5,12466,,,,,,,,
84,12513,,,,,,,,
84.5,12560,,,,,,,,
85,12604,,,,,,,,
85.5,12648,,,,,,,,
86,12690,,,,,,,,
86.5,12732,,,,,,,,
87,12772,,,,,,,,
87.5,12811,,,,,,,,
88,12850,,,,,,,,
88.5,12887,,,,,,,,
89,12924,,,,,,,,
89.5,12959,,,,,,,,
90,12995,,,,,,,,
90.5,13029,,,,,,,,
91,13063,,,,,,,,
91.5,13096,,,,,,,,
92,13128,,,,,,,,
92.5,13160,,,,,,,,
93,13191,,,,,,,,
93.5,13222,,,,,,,,
94,13252,,,,,,,,
94.5,13281,,,,,,,,
95,13310,,,,,,,,
95.5,13339,,,,,,,,
96,13367,,,,,,,,
96.5,13395,,,,,,,,
97,13422,,,,,,,,
97.5,13449,,,,,,,,
98,13475,,,,,,,,
98.5,13501,,,,,,,,
99,13527,,,,,,,,
99.5,13552,,,,,,,,
100,13577,,,,,,,,
100.5,13602,,,,,,,,
101,13626,,,,,,,,
101.5,13650,,,,,,,,
102,13674,,,,,,,,
102.5,13697,,,,,,,,
103,13720,,,,,,,,
103.5,13743,,,,,,,,
104,13765,,,,,,,,
104.5,13788,,,,,,,,
105,13810,,,,,,,,
105.5,13831,,,,,,,,
106,13853,,,,,,,,
106.5,13874,,,,,,,,
107,13895,,,,,,,,
107.5,13916,,,,,,,,
108,13936,,,,,,,,
108.5,13957,,,,,,,,
109,13977,,,,,,,,
109.5,13996,,,,,,,,
110,14016,,,,,,,,
110.5,14036,,,,,,,,
111,14055,,,,,,,,
111.5,14074,,,,,,,,
112,14093,,,,,,,,
112.5,14111,,,,,,,,
113,14130,,,,,,,,
113.5,14148,,,,,,,,
114,14167,,,,,,,,
114.5,14185,,,,,,,,
115,14202,,,,,,,,
115.5,14220,,,,,,,,
116,14238,,,,,,,,
116.5,14255,,,,,,,,
117,14272,,,,,,,,
117.5,14289,,,,,,,,
118,14306,,,,,,,,
118.5,14323,,,,,,,,
119,14340,,,,,,,,
119.5,14356,,,,,,,,
120,14372,,,,,,,,
120.5,14389,,,,,,,,
121,14405,,,,,,,,
121.5,14421,,,,,,,,
122,14437,,,,,,,,
122.5,14452,,,,,,,,
123,14468,,,,,,,,
123.5,14483,,,,,,,,
124,14499,,,,,,,,
124.5,14514,,,,,,,,
125,14529,,,,,,,,
125.5,14544,,,,,,,,
126,14559,,,,,,,,
126.5,14574,,,,,,,,
127,14589,,,,,,,,
127.5,14603,,,,,,,,
128,14618,,,,,,,,
128.5,14632,,,,,,,,
129,14646,,,,,,,,
129.5,14661,,,,,,,,
130,14675,,,,,,,,
130.5,14689,,,,,,,,
131,14703,,,,,,,,
131.5,14717,,,,,,,,
132,14730,,,,,,,,
132.5,14744,,,,,,,,
133,14757,,,,,,,,
133.5,14771,,,,,,,,
134,14784,,,,,,,,
134.5,14798,,,,,,,,
135,14811,,,,,,,,
135.5,14824,,,,,,,,
136,14837,,,,,,,,
136.5,14850,,,,,,,,
137,14863,,,,,,,,
137.5,14876,,,,,,,,
138,14888,,,,,,,,
138.5,14901,,,,,,,,
139,14914,,,,,,,,
139.5,14926,,,,,,,,
140,14939,,,,,,,,
140.5,14951,,,,,,,,
141,14963,,,,,,,,
141.5,14976,,,,,,,,
142,14988,,,,,,,,
142.5,15000,,,,,,,,
143,15012,,,,,,,,
143.5,15024,,,,,,,,
144,15036,,,,,,,,
144.5,15048,,,,,,,,
145,15059,,,,,,,,
145.5,15071,,,,,,,,
146,15083,,,,,,,,
146.5,15094,,,,,,,,
147,15106,,,,,,,,
147.5,15117,,,,,,,,
148,15129,,,,,,,,
148.5,15140,,,,,,,,
149,15151,,,,,,,,
149.5,15163,,,,,,,,
150,15174,,,,,,,,
150.5,15185,,,,,,,,
151,15196,,,,,,,,
151.5,15207,,,,,,,,
152,15218,,,,,,,,
152.5,15229,,,,,,,,
153,15240,,,,,,,,
153.5,15250,,,,,,,,
154,15261,,,,,,,,
154.5,15272,,,,,,,,
155,15283,,,,,,,,
155.5,15293,,,,,,,,
156,15304,,,,,,,,
156.5,15314,,,,,,,,
157,15325,,,,,,,,
157.5,15335,,,,,,,,
158,15345,,,,,,,,
158.5,15356,,,,,,,,
159,15366,,,,,,,,
159.5,15376,,,,,,,,
160,15386,,,,,,,,
160.5,15396,,,,,,,,
161,15406,,,,,,,,
161.5,15416,,,,,,,,
162,15426,,,,,,,,
162.5,15436,,,,,,,,
163,15446,,,,,,,,
163.5,15456,,,,,,,,
164,15466,,,,,,,,
164.5,15476,,,,,,,,
165,15485,,,,,,,,
165.5,15495,,,,,,,,
166,15505,,,,,,,,
166.5,15514,,,,,,,,
167,15524,,,,,,,,
167.5,15533,,,,,,,,
168,15543,,,,,,,,
168.5,15552,,,,,,,,
169,15562,,,,,,,,
169.5,15571,,,,,,,,
170,15581,,,,,,,,
170.5,15590,,,,,,,,
171,15599,,,,,,,,
171.5,15608,,,,,,,,
172,15618,,,,,,,,
172.5,15627,,,,,,,,
173,15636,,,,,,,,
173.5,15645,,,,,,,,
174,15654,,,,,,,,
174.5,15663,,,,,,,,
175,15672,,,,,,,,
175.5,15681,,,,,,,,
176,15690,,,,,,,,
176.5,15699,,,,,,,,
177,15708,,,,,,,,
177.5,15716,,,,,,,,
178,15725,,,,,,,,
178.5,15734,,,,,,,,
179,15743,,,,,,,,
179.5,15751,,,,,,,,
180,15760,,,,,,,,
180.5,15769,,,,,,,,
181,15777,,,,,,,,
181.5,15786,,,,,,,,
182,15794,,,,,,,,
182.5,15803,,,,,,,,
183,15811,,,,,,,,
183.5,15820,,,,,,,,
184,15828,,,,,,,,
184.5,15836,,,,,,,,
185,15845,,,,,,,,
185.5,15853,,,,,,,,
186,15861,,,,,,,,
186.5,15870,,,,,,,,
187,15878,,,,,,,,
187.5,15886,,,,,,,,
188,15894,,,,,,,,
188.5,15902,,,,,,,,
189,15910,,,,,,,,
189.5,15919,,,,,,,,
190,15927,,,,,,,,
190.5,15935,,,,,,,,
191,15943,,,,,,,,
191.5,15951,,,,,,,,
192,15959,,,,,,,,
192.5,15967,,,,,,,,
193,15974,,,,,,,,
193.5,15982,,,,,,,,
194,15990,,,,,,,,
194.5,15998,,,,,,,,
195,16006,,,,,,,,
195.5,16014,,,,,,,,
196,16021,,,,,,,,
196.5,16029,,,,,,,,
197,16037,,,,,,,,
197.5,16044,,,,,,,,
198,16052,,,,,,,,
198.5,16060,,,,,,,,
199,16067,,,,,,,,
199.5,16075,,,,,,,,
200,16083,,,,,,,,
200.5,16090,,,,,,,,
201,16098,,,,,,,,
201.5,16105,,,,,,,,
202,16113,,,,,,,,
202.5,16120,,,,,,,,
203,16127,,,,,,,,
203.5,16135,,,,,,,,
204,16142,,,,,,,,
204.5,16150,,,,,,,,
205,16157,,,,,,,,
205.5,16164,,,,,,,,
206,16172,,,,,,,,
206.5,16179,,,,,,,,
207,16186,,,,,,,,
207.5,16193,,,,,,,,
208,16201,,,,,,,,
208.5,16208,,,,,,,,
209,16215,,,,,,,,
209.5,16222,,,,,,,,
210,16229,,,,,,,,
210.5,16236,,,,,,,,
211,16243,,,,,,,,
211.5,16250,,,,,,,,
212,16258,,,,,,,,
212.5,16265,,,,,,,,
213,16272,,,,,,,,
213.5,16279,,,,,,,,
214,16286,,,,,,,,
214.5,16292,,,,,,,,
215,16299,,,,,,,,
215.5,16306,,,,,,,,
216,16313,,,,,,,,
216.5,16320,,,,,,,,
217,16327,,,,,,,,
217.5,16334,,,,,,,,
218,16341,,,,,,,,
218.5,16347,,,,,,,,
219,16354,,,,,,,,
219.5,16361,,,,,,,,
220,16368,,,,,,,,
220.5,16374,,,,,,,,
221,16381,,,,,,,,
221.5,16388,,,,,,,,
222,16394,,,,,,,,
222.5,16401,,,,,,,,
223,16408,,,,,,,,
223.5,16414,,,,,,,,
224,16421,,,,,,,,
224.5,16428,,,,,,,,
225,16434,,,,,,,,
225.5,16441,,,,,,,,
226,16447,,,,,,,,
226.5,16454,,,,,,,,
227,16460,,,,,,,,
227.5,16467,,,,,,,,
228,16473,,,,,,,,
228.5,16480,,,,,,,,
229,16486,,,,,,,,
229.5,16493,,,,,,,,
230,16499,,,,,,,,
230.5,16505,,,,,,,,
231,16512,,,,,,,,
231.5,16518,,,,,,,,
232,16524,,,,,,,,
232.5,16531,,,,,,,,
233,16537,,,,,,,,
233.5,16543,,,,,,,,
234,16550,,,,,,,,
234.5,16556,,,,,,,,
235,16562,,,,,,,,
235.5,16568,,,,,,,,
236,16575,,,,,,,,
236.5,16581,,,,,,,,
237,16587,,,,,,,,
237.5,16593,,,,,,,,
238,16599,,,,,,,,
238.5,16606,,,,,,,,
239,16612,,,,,,,,
239.5,16618,,,,,,,,
240,16624,,,,,,,,
240.5,16630,,,,,,,,
241,16636,,,,,,,,
241.5,16642,,,,,,,,
242,16648,,,,,,,,
242.5,16654,,,,,,,,
243,16660,,,,,,,,
243.5,16666,,,,,,,,
244,16672,,,,,,,,
244.5,16678,,,,,,,,
245,16684,,,,,,,,
245.5,16690,,,,,,,,
246,16696,,,,,,,,
246.5,16702,,,,,,,,
247,16708,,,,,,,,
247.5,16714,,,,,,,,
248,16720,,,,,,,,
248.5,16726,,,,,,,,
249,16731,,,,,,,,
249.5,16737,,,,,,,,
250,16743,,,,,,,,
250.5,16749,,,,,,,,
251,16755,,,,,,,,
251.5,16760,,,,,,,,
252,16766,,,,,,,,
252.5,16772,,,,,,,,
253,16778,,,,,,,,
253.5,16784,,,,,,,,
254,16789,,,,,,,,
254.5,16795,,,,,,,,
255,16801,,,,,,,,
255.5,16806,,,,,,,,
256,16812,,,,,,,,
256.5,16818,,,,,,,,
257,16823,,,,,,,,
257.5,16829,,,,,,,,
258,16835,,,,,,,,
258.5,16840,,,,,,,,
259,16846,,,,,,,,
259.5,16851,,,,,,,,
260,16857,,,,,,,,
260.5,16863,,,,,,,,
261,16868,,,,,,,,
261.5,16874,,,,,,,,
262,16879,,,,,,,,
262.5,16885,,,,,,,,
263,16890,,,,,,,,
263.5,16896,,,,,,,,
264,16901,,,,,,,,
264.5,16907,,,,,,,,
265,16912,,,,,,,,
265.5,16918,,,,,,,,
266,16923,,,,,,,,
266.5,16929,,,,,,,,
267,16934,,,,,,,,
267.5,16939,,,,,,,,
268,16945,,,,,,,,
268.5,16950,,,,,,,,
269,16956,,,,,,,,
269.5,16961,,,,,,,,
270,16966,,,,,,,,
270.5,16972,,,,,,,,
271,16977,,,,,,,,
271.5,16982,,,,,,,,
272,16988,,,,,,,,
272.5,16993,,,,,,,,
273,16998,,,,,,,,
273.5,17004,,,,,,,,
274,17009,,,,,,,,
274.5,17014,,,,,,,,
275,17019,,,,,,,,
275.5,17025,,,,,,,,
276,17030,,,,,,,,
276.5,17035,,,,,,,,
277,17040,,,,,,,,
277.5,17045,,,,,,,,
278,17051,,,,,,,,
278.5,17056,,,,,,,,
279,17061,,,,,,,,
279.5,17066,,,,,,,,
280,17071,,,,,,,,
280.5,17077,,,,,,,,
281,17082,,,,,,,,
281.5,17087,,,,,,,,
282,17092,,,,,,,,
282.5,17097,,,,,,,,
283,17102,,,,,,,,
283.5,17107,,,,,,,,
284,17112,,,,,,,,
284.5,17117,,,,,,,,
285,17122,,,,,,,,
285.5,17127,,,,,,,,
286,17132,,,,,,,,
286.5,17137,,,,,,,,
287,17143,,,,,,,,
287.5,17148,,,,,,,,
288,17153,,,,,,,,
288.5,17158,,,,,,,,
289,17163,,,,,,,,
289.5,17167,,,,,,,,
290,17172,,,,,,,,
290.5,17177,,,,,,,,
291,17182,,,,,,,,
291.5,17187,,,,,,,,
292,17192,,,,,,,,
292.5,17197,,,,,,,,
293,17202,,,,,,,,
293.5,17207,,,,,,,,
294,17212,,,,,,,,
294.5,17217,,,,,,,,
295,17222,,,,,,,,
295.5,17226,,,,,,,,
296,17231,,,,,,,,
296.5,17236,,,,,,,,
297,17241,,,,,,,,
297.5,17246,,,,,,,,
298,17251,,,,,,,,
298.5,17256,,,,,,,,
299,17260,,,,,,,,
299.5,17265,,,,,,,,
300,17270,,,,,,,,
